INSERT INTO `pais` (`cod_pais`, `nombre_pais`, `postal_pais`, `created_pais`, `updated_pais`)
VALUES (1, 'colombia', '+57', CURRENT_TIMESTAMP, CURRENT_TIMESTAMP),
 (2, 'brasil', '+55', CURRENT_TIMESTAMP, CURRENT_TIMESTAMP),
 (3, 'ecuador', '+593', CURRENT_TIMESTAMP, CURRENT_TIMESTAMP),
 (4, 'panama', '+597', CURRENT_TIMESTAMP, CURRENT_TIMESTAMP),
 (5, 'paraguay', '+595', CURRENT_TIMESTAMP, CURRENT_TIMESTAMP),
 (6, 'peru', '+51', CURRENT_TIMESTAMP, CURRENT_TIMESTAMP),
 (7, 'uruguay', '+598', CURRENT_TIMESTAMP, CURRENT_TIMESTAMP),
 (8, 'venezuela', '+58', CURRENT_TIMESTAMP, CURRENT_TIMESTAMP);

INSERT INTO `departamento` (`cod_departamento`, `nombre_departamento`, `cod_pais`, `created_departamento`, `updated_departamento`) 
VALUES (1, 'amazonas', 1, CURRENT_TIMESTAMP, CURRENT_TIMESTAMP),
(2, 'antioquia', 1, CURRENT_TIMESTAMP, CURRENT_TIMESTAMP),
(3, 'arauca', 1, CURRENT_TIMESTAMP, CURRENT_TIMESTAMP),
(4, 'bolivar', 1, CURRENT_TIMESTAMP, CURRENT_TIMESTAMP),
(5, 'cundinamarca', 1, CURRENT_TIMESTAMP, CURRENT_TIMESTAMP),
(6, 'choco', 1, CURRENT_TIMESTAMP, CURRENT_TIMESTAMP),
(7, 'huila', 1, CURRENT_TIMESTAMP, CURRENT_TIMESTAMP)
;


INSERT INTO `ciudad` (`cod_ciudad`, `cod_departamento`, `nombre_ciudad`, `created_ciudad`, `updated_ciudad`)
VALUES (1, '1', 'leticia', CURRENT_TIMESTAMP, CURRENT_TIMESTAMP),
(2, '2', 'medellin', CURRENT_TIMESTAMP, CURRENT_TIMESTAMP),
(3, '3', 'arauca', CURRENT_TIMESTAMP, CURRENT_TIMESTAMP),
(4, '4', 'cartagena de indias', CURRENT_TIMESTAMP, CURRENT_TIMESTAMP),
(5, '5', 'bogota', CURRENT_TIMESTAMP, CURRENT_TIMESTAMP),
(6, '6', 'quibdo', CURRENT_TIMESTAMP, CURRENT_TIMESTAMP),
(7, '7', 'neiva', CURRENT_TIMESTAMP, CURRENT_TIMESTAMP)
;

INSERT INTO `area_conocimiento` (`cod_area_conocimiento`, `nombre_area_conocimiento`, `created_area_conocimiento`, `updated_area_conocimiento`) 
VALUES (1, 'diseño', CURRENT_TIMESTAMP, CURRENT_TIMESTAMP),
(2, 'programacion', CURRENT_TIMESTAMP, CURRENT_TIMESTAMP),
(3, 'proyecto', CURRENT_TIMESTAMP, CURRENT_TIMESTAMP),
(4, 'promover', CURRENT_TIMESTAMP, CURRENT_TIMESTAMP);

INSERT INTO `area_formacion` (`cod_area_formacion`, `nombre_area_formacion`, `created_area_formacion`, `updated_area_formacion`) 
VALUES (1, 'industrias creativas', CURRENT_TIMESTAMP, CURRENT_TIMESTAMP),
(2, 'logistica', CURRENT_TIMESTAMP, CURRENT_TIMESTAMP),
(3, 'tecnologias de la informacion', CURRENT_TIMESTAMP, CURRENT_TIMESTAMP);

INSERT INTO `categorias_clases` (`cod_clases_categoria`, `nombreclases_categoria`, `created_clases_categoria`, `updated_clases_categoria`) 
VALUES (1, 'diseño', CURRENT_TIMESTAMP, CURRENT_TIMESTAMP),
(2, 'audiovisuales', CURRENT_TIMESTAMP, CURRENT_TIMESTAMP),
(3, 'promover', CURRENT_TIMESTAMP, CURRENT_TIMESTAMP),
(4, 'programacion', CURRENT_TIMESTAMP, CURRENT_TIMESTAMP),
(5, 'proyecto', CURRENT_TIMESTAMP, CURRENT_TIMESTAMP),
(6, 'ingles', CURRENT_TIMESTAMP, CURRENT_TIMESTAMP),
(7, 'cultura fisica', CURRENT_TIMESTAMP, CURRENT_TIMESTAMP);

INSERT INTO `fases_proyecto` (`cod_fases_proyecto`, `nombre_fases_proyecto`, `duracion_fases_proyecto`, `created_fases_proyecto`, `updated_fases_proyecto`) 
VALUES (1, 'analisis', 'relativo', CURRENT_TIMESTAMP, CURRENT_TIMESTAMP),
(2, 'planeacion', 'relativo', CURRENT_TIMESTAMP, CURRENT_TIMESTAMP),
(3, 'ejecicion', 'relativo', CURRENT_TIMESTAMP, CURRENT_TIMESTAMP),
(4, 'evaluacion', 'relativo', CURRENT_TIMESTAMP, CURRENT_TIMESTAMP);

INSERT INTO `proyecto_estado` (`cod_proyecto_estado`, `nombre_proyecto_estado`, `created_proyecto_estado`, `updated_proyecto_estado`) 
VALUES (1, 'aprovado', CURRENT_TIMESTAMP, CURRENT_TIMESTAMP),
(2, 'pendiente', CURRENT_TIMESTAMP, CURRENT_TIMESTAMP),
(3, 'no aprovado', CURRENT_TIMESTAMP, CURRENT_TIMESTAMP);

INSERT INTO `tipo_users` (`cod_tipo_users`, `nombre_tipo_users`, `created_tipo_users`, `updated_tipo_users`) 
VALUES (1, 'empresa', CURRENT_TIMESTAMP, CURRENT_TIMESTAMP),
(2, 'aprendiz', CURRENT_TIMESTAMP, CURRENT_TIMESTAMP),
(3, 'instructor', CURRENT_TIMESTAMP, CURRENT_TIMESTAMP);

INSERT INTO `comuna` (`cod_comuna`, `nombre_comuna`, `created_comuna`, `updated_comuna`) 
VALUES (1, 'antonio nariño', CURRENT_TIMESTAMP, CURRENT_TIMESTAMP),
(2, 'abrrios unidos', CURRENT_TIMESTAMP, CURRENT_TIMESTAMP),
(3, 'bosa', CURRENT_TIMESTAMP, CURRENT_TIMESTAMP),
(4, 'chapinero', CURRENT_TIMESTAMP, CURRENT_TIMESTAMP),
(5, 'ciudad bolivar', CURRENT_TIMESTAMP, CURRENT_TIMESTAMP),
(6, 'engativa', CURRENT_TIMESTAMP, CURRENT_TIMESTAMP),
(7, 'fontibon', CURRENT_TIMESTAMP, CURRENT_TIMESTAMP),
(8, 'kennedy', CURRENT_TIMESTAMP, CURRENT_TIMESTAMP),
(9, 'la candelaria', CURRENT_TIMESTAMP, CURRENT_TIMESTAMP),
(10, 'los martires', CURRENT_TIMESTAMP, CURRENT_TIMESTAMP),
(11, 'puente aranda', CURRENT_TIMESTAMP, CURRENT_TIMESTAMP),
(12, 'rafael uribe uribe', CURRENT_TIMESTAMP, CURRENT_TIMESTAMP),
(13, 'sancristobal', CURRENT_TIMESTAMP, CURRENT_TIMESTAMP),
(14, 'santa fe', CURRENT_TIMESTAMP, CURRENT_TIMESTAMP),
(15, 'suba', CURRENT_TIMESTAMP, CURRENT_TIMESTAMP),
(16, 'sumapaz', CURRENT_TIMESTAMP, CURRENT_TIMESTAMP),
(17, 'teusaquillo', CURRENT_TIMESTAMP, CURRENT_TIMESTAMP),
(18, 'tunjuelito', CURRENT_TIMESTAMP, CURRENT_TIMESTAMP),
(19, 'usaquen', CURRENT_TIMESTAMP, CURRENT_TIMESTAMP),
(20, 'usme', CURRENT_TIMESTAMP, CURRENT_TIMESTAMP)
;

INSERT INTO `barrio` (`cod_barrio`, `cod_corregimiento`, `cod_comuna`, `nombre_barrio`, `created_barrio`, `updated_barrio`) 
VALUES (1, NULL, 1, 'sevillana', CURRENT_TIMESTAMP, CURRENT_TIMESTAMP),
(2, NULL, 1, 'policarpa', CURRENT_TIMESTAMP, CURRENT_TIMESTAMP),
(3, NULL, 1, 'ciudad berna', CURRENT_TIMESTAMP, CURRENT_TIMESTAMP),
(4, NULL, 1, 'ciudad jardin', CURRENT_TIMESTAMP, CURRENT_TIMESTAMP),
(5, NULL, 1, 'barrio caracas', CURRENT_TIMESTAMP, CURRENT_TIMESTAMP),
(6, NULL, 1, 'restrepo', CURRENT_TIMESTAMP, CURRENT_TIMESTAMP),
(7, NULL, 1, 'san antonio', CURRENT_TIMESTAMP, CURRENT_TIMESTAMP),
(8, NULL, 1, 'fragua', CURRENT_TIMESTAMP, CURRENT_TIMESTAMP),
(9, NULL, 1, 'fraguita', CURRENT_TIMESTAMP, CURRENT_TIMESTAMP),
(10, NULL, 1, 'santander', CURRENT_TIMESTAMP, CURRENT_TIMESTAMP),
(11, NULL, 2, 'doce de octubre', CURRENT_TIMESTAMP, CURRENT_TIMESTAMP),
(12, NULL, 2, 'el labrador', CURRENT_TIMESTAMP, CURRENT_TIMESTAMP),
(13, NULL, 2, 'entre rios', CURRENT_TIMESTAMP, CURRENT_TIMESTAMP),
(14, NULL, 2, 'jorge eliecer gaitan', CURRENT_TIMESTAMP, CURRENT_TIMESTAMP),
(15, NULL, 2, 'jose joaquin vargas', CURRENT_TIMESTAMP, CURRENT_TIMESTAMP),
(16, NULL, 2, 'la libertad', CURRENT_TIMESTAMP, CURRENT_TIMESTAMP),
(17, NULL, 2, 'metropolis', CURRENT_TIMESTAMP, CURRENT_TIMESTAMP),
(18, NULL, 2, 'popular modelo', CURRENT_TIMESTAMP, CURRENT_TIMESTAMP),
(19, NULL, 2, 'rincon del salitre', CURRENT_TIMESTAMP, CURRENT_TIMESTAMP),
(20, NULL, 2, 'san fernando', CURRENT_TIMESTAMP, CURRENT_TIMESTAMP),
(21, NULL, 2, 'san fernando occidental', CURRENT_TIMESTAMP, CURRENT_TIMESTAMP),
(22, NULL, 3, 'el motorista', CURRENT_TIMESTAMP, CURRENT_TIMESTAMP),
(23, NULL, 3, 'industrial', CURRENT_TIMESTAMP, CURRENT_TIMESTAMP),
(24, NULL, 3, 'jardines del apogeo', CURRENT_TIMESTAMP, CURRENT_TIMESTAMP),
(25, NULL, 3, 'la ilusion', CURRENT_TIMESTAMP, CURRENT_TIMESTAMP),
(26, NULL, 3, 'nuevo chile', CURRENT_TIMESTAMP, CURRENT_TIMESTAMP),
(27, NULL, 3, 'olarte', CURRENT_TIMESTAMP, CURRENT_TIMESTAMP),
(28, NULL, 3, 'villas de rio', CURRENT_TIMESTAMP, CURRENT_TIMESTAMP),
(29, NULL, 3, 'andalucia', CURRENT_TIMESTAMP, CURRENT_TIMESTAMP),
(30, NULL, 3, 'andalucia 2', CURRENT_TIMESTAMP, CURRENT_TIMESTAMP),
(31, NULL, 3, 'antonia santos', CURRENT_TIMESTAMP, CURRENT_TIMESTAMP),
(32, NULL, 4, 'catluña', CURRENT_TIMESTAMP, CURRENT_TIMESTAMP),
(33, NULL, 4, 'chapinero central', CURRENT_TIMESTAMP, CURRENT_TIMESTAMP),
(34, NULL, 4, 'chapinero norte', CURRENT_TIMESTAMP, CURRENT_TIMESTAMP),
(35, NULL, 4, 'marly', CURRENT_TIMESTAMP, CURRENT_TIMESTAMP),
(36, NULL, 4, 'sucre', CURRENT_TIMESTAMP, CURRENT_TIMESTAMP),
(37, NULL, 4, 'antiguo country', CURRENT_TIMESTAMP, CURRENT_TIMESTAMP),
(38, NULL, 4, 'chico norte', CURRENT_TIMESTAMP, CURRENT_TIMESTAMP),
(39, NULL, 4, 'chico norte 2', CURRENT_TIMESTAMP, CURRENT_TIMESTAMP),
(40, NULL, 4, 'chico norte 3', CURRENT_TIMESTAMP, CURRENT_TIMESTAMP),
(41, NULL, 4, 'chico occidental', CURRENT_TIMESTAMP, CURRENT_TIMESTAMP),
(42, NULL, 5, 'arborizadora alta', CURRENT_TIMESTAMP, CURRENT_TIMESTAMP),
(43, NULL, 5, 'atlanta', CURRENT_TIMESTAMP, CURRENT_TIMESTAMP),
(44, NULL, 5, 'coruña', CURRENT_TIMESTAMP, CURRENT_TIMESTAMP),
(45, NULL, 5, 'el chircal sur', CURRENT_TIMESTAMP, CURRENT_TIMESTAMP),
(46, NULL, 5, 'el esquinero', CURRENT_TIMESTAMP, CURRENT_TIMESTAMP),
(47, NULL, 5, 'la playa', CURRENT_TIMESTAMP, CURRENT_TIMESTAMP),
(48, NULL, 5, 'la playa 2', CURRENT_TIMESTAMP, CURRENT_TIMESTAMP),
(49, NULL, 5, 'madelena', CURRENT_TIMESTAMP, CURRENT_TIMESTAMP),
(50, NULL, 5, 'rafael escamilla', CURRENT_TIMESTAMP, CURRENT_TIMESTAMP),
(51, NULL, 5, 'santa helena', CURRENT_TIMESTAMP, CURRENT_TIMESTAMP),
(52, NULL, 6, 'bochica 2', CURRENT_TIMESTAMP, CURRENT_TIMESTAMP),
(53, NULL, 6, 'bolivia', CURRENT_TIMESTAMP, CURRENT_TIMESTAMP),
(54, NULL, 6, 'ciudadela colsubsidio', CURRENT_TIMESTAMP, CURRENT_TIMESTAMP),
(55, NULL, 6, 'el cortijo', CURRENT_TIMESTAMP, CURRENT_TIMESTAMP),
(56, NULL, 6, 'el dorado', CURRENT_TIMESTAMP, CURRENT_TIMESTAMP),
(57, NULL, 6, 'boyaca', CURRENT_TIMESTAMP, CURRENT_TIMESTAMP),
(58, NULL, 6, 'el carmelo', CURRENT_TIMESTAMP, CURRENT_TIMESTAMP),
(59, NULL, 6, 'el refugio', CURRENT_TIMESTAMP, CURRENT_TIMESTAMP),
(60, NULL, 6, 'florencia', CURRENT_TIMESTAMP, CURRENT_TIMESTAMP),
(61, NULL, 6, 'florida blanca', CURRENT_TIMESTAMP, CURRENT_TIMESTAMP),
(62, NULL, 7, 'el bogotano', CURRENT_TIMESTAMP, CURRENT_TIMESTAMP),
(63, NULL, 7, 'el jardin', CURRENT_TIMESTAMP, CURRENT_TIMESTAMP),
(64, NULL, 7, 'la rosita', CURRENT_TIMESTAMP, CURRENT_TIMESTAMP),
(65, NULL, 7, 'purta de teja', CURRENT_TIMESTAMP, CURRENT_TIMESTAMP),
(66, NULL, 7, 'san jose', CURRENT_TIMESTAMP, CURRENT_TIMESTAMP),
(67, NULL, 7, 'veracruz', CURRENT_TIMESTAMP, CURRENT_TIMESTAMP),
(68, NULL, 7, 'carlso lleras', CURRENT_TIMESTAMP, CURRENT_TIMESTAMP),
(69, NULL, 7, 'la esperanza norte', CURRENT_TIMESTAMP, CURRENT_TIMESTAMP),
(70, NULL, 7, 'salitre nor-occidental', CURRENT_TIMESTAMP, CURRENT_TIMESTAMP),
(71, NULL, 7, 'sausalito', CURRENT_TIMESTAMP, CURRENT_TIMESTAMP),
(72, NULL, 8, 'conjunto res', CURRENT_TIMESTAMP, CURRENT_TIMESTAMP),
(73, NULL, 7, 'el rincon de mandalay', CURRENT_TIMESTAMP, CURRENT_TIMESTAMP),
(74, NULL, 7, 'floresta sur', CURRENT_TIMESTAMP, CURRENT_TIMESTAMP),
(75, NULL, 7, 'fundadores', CURRENT_TIMESTAMP, CURRENT_TIMESTAMP),
(76, NULL, 7, 'glorieta de las americas', CURRENT_TIMESTAMP, CURRENT_TIMESTAMP),
(77, NULL, 7, 'hipotecho', CURRENT_TIMESTAMP, CURRENT_TIMESTAMP),
(78, NULL, 7, 'igualdad 1 sector', CURRENT_TIMESTAMP, CURRENT_TIMESTAMP),
(79, NULL, 7, 'igualdad 2 sector', CURRENT_TIMESTAMP, CURRENT_TIMESTAMP),
(81, NULL, 7, 'la floresta', CURRENT_TIMESTAMP, CURRENT_TIMESTAMP),
(82, NULL, 7, 'la igualdad', CURRENT_TIMESTAMP, CURRENT_TIMESTAMP),
(83, NULL, 8, 'belen', CURRENT_TIMESTAMP, CURRENT_TIMESTAMP),
(84, NULL, 8, 'catedral', CURRENT_TIMESTAMP, CURRENT_TIMESTAMP),
(85, NULL, 8, 'centro administrativo', CURRENT_TIMESTAMP, CURRENT_TIMESTAMP),
(86, NULL, 8, 'egipto', CURRENT_TIMESTAMP, CURRENT_TIMESTAMP),
(87, NULL, 8, 'la concordancia', CURRENT_TIMESTAMP, CURRENT_TIMESTAMP),
(88, NULL, 8, 'las aguas', CURRENT_TIMESTAMP, CURRENT_TIMESTAMP),
(89, NULL, 8, 'santa barbara', CURRENT_TIMESTAMP, CURRENT_TIMESTAMP),
(90, NULL, 9, 'colseguros', CURRENT_TIMESTAMP, CURRENT_TIMESTAMP),
(91, NULL, 9, 'el liston', CURRENT_TIMESTAMP, CURRENT_TIMESTAMP),
(92, NULL, 9, 'florida', CURRENT_TIMESTAMP, CURRENT_TIMESTAMP),
(93, NULL, 9, 'la estanzuela', CURRENT_TIMESTAMP, CURRENT_TIMESTAMP),
(94, NULL, 9, 'la favorita', CURRENT_TIMESTAMP, CURRENT_TIMESTAMP),
(95, NULL, 9, 'la pepita', CURRENT_TIMESTAMP, CURRENT_TIMESTAMP),
(96, NULL, 9, 'la sabana', CURRENT_TIMESTAMP, CURRENT_TIMESTAMP),
(97, NULL, 9, 'paloquemao', CURRENT_TIMESTAMP, CURRENT_TIMESTAMP),
(98, NULL, 9, 'panamericano', CURRENT_TIMESTAMP, CURRENT_TIMESTAMP),
(99, NULL, 9, 'ricaurte', CURRENT_TIMESTAMP, CURRENT_TIMESTAMP),
(100, NULL, 10, 'la guaca', CURRENT_TIMESTAMP, CURRENT_TIMESTAMP),
(101, NULL, 10, 'bochica', CURRENT_TIMESTAMP, CURRENT_TIMESTAMP),
(102, NULL, 10, 'carabelas', CURRENT_TIMESTAMP, CURRENT_TIMESTAMP),
(103, NULL, 10, 'ciudad montes', CURRENT_TIMESTAMP, CURRENT_TIMESTAMP),
(104, NULL, 10, 'el sol', CURRENT_TIMESTAMP, CURRENT_TIMESTAMP),
(105, NULL, 10, 'jazmin', CURRENT_TIMESTAMP, CURRENT_TIMESTAMP),
(106, NULL, 10, 'jorge gaitan cortes', CURRENT_TIMESTAMP, CURRENT_TIMESTAMP),
(107, NULL, 10, 'la asuncion', CURRENT_TIMESTAMP, CURRENT_TIMESTAMP),
(108, NULL, 10, 'la camelia', CURRENT_TIMESTAMP, CURRENT_TIMESTAMP),
(109, NULL, 10, 'los comuneros', CURRENT_TIMESTAMP, CURRENT_TIMESTAMP),
(110, NULL, 11, ' carmen del sol', CURRENT_TIMESTAMP, CURRENT_TIMESTAMP),
(111, NULL, 11, 'bravo paez', CURRENT_TIMESTAMP, CURRENT_TIMESTAMP),
(112, NULL, 11, 'carmen del sol', CURRENT_TIMESTAMP, CURRENT_TIMESTAMP),
(113, NULL, 11, 'centenario', CURRENT_TIMESTAMP, CURRENT_TIMESTAMP),
(114, NULL, 11, 'claretel triunfo', CURRENT_TIMESTAMP, CURRENT_TIMESTAMP),
(115, NULL, 11, 'el triunfo sur', CURRENT_TIMESTAMP, CURRENT_TIMESTAMP),
(116, NULL, 11, 'granjas de san pablo', CURRENT_TIMESTAMP, CURRENT_TIMESTAMP),
(117, NULL, 11, 'ingles', CURRENT_TIMESTAMP, CURRENT_TIMESTAMP),
(118, NULL, 11, 'las colinas', CURRENT_TIMESTAMP, CURRENT_TIMESTAMP),
(119, NULL, 11, 'la resurreccion', CURRENT_TIMESTAMP, CURRENT_TIMESTAMP),
(120, NULL, 12, '20 de julio', CURRENT_TIMESTAMP, CURRENT_TIMESTAMP),
(121, NULL, 12, 'atenas', CURRENT_TIMESTAMP, CURRENT_TIMESTAMP),
(122, NULL, 12, 'atenas 1', CURRENT_TIMESTAMP, CURRENT_TIMESTAMP),
(123, NULL, 12, 'ayacucho', CURRENT_TIMESTAMP, CURRENT_TIMESTAMP),
(124, NULL, 12, 'barcelona', CURRENT_TIMESTAMP, CURRENT_TIMESTAMP),
(125, NULL, 12, 'barcelona sur', CURRENT_TIMESTAMP, CURRENT_TIMESTAMP),
(126, NULL, 12, 'bello horizonte', CURRENT_TIMESTAMP, CURRENT_TIMESTAMP),
(127, NULL, 12, 'el anglo', CURRENT_TIMESTAMP, CURRENT_TIMESTAMP),
(128, NULL, 12, 'el encanto', CURRENT_TIMESTAMP, CURRENT_TIMESTAMP),
(129, NULL, 12, 'managua', CURRENT_TIMESTAMP, CURRENT_TIMESTAMP),
(130, NULL, 13, 'bosque izquierso', CURRENT_TIMESTAMP, CURRENT_TIMESTAMP),
(131, NULL, 13, 'germania', CURRENT_TIMESTAMP, CURRENT_TIMESTAMP),
(132, NULL, 13, 'la macarena', CURRENT_TIMESTAMP, CURRENT_TIMESTAMP),
(133, NULL, 13, 'la paz centro', CURRENT_TIMESTAMP, CURRENT_TIMESTAMP),
(134, NULL, 13, 'la perseberancia', CURRENT_TIMESTAMP, CURRENT_TIMESTAMP),
(135, NULL, 13, 'las cruces', CURRENT_TIMESTAMP, CURRENT_TIMESTAMP),
(136, NULL, 13, 'san bernardo', CURRENT_TIMESTAMP, CURRENT_TIMESTAMP),
(137, NULL, 13, 'la alameda', CURRENT_TIMESTAMP, CURRENT_TIMESTAMP),
(138, NULL, 13, 'las nieves', CURRENT_TIMESTAMP, CURRENT_TIMESTAMP),
(139, NULL, 13, 'santa ines', CURRENT_TIMESTAMP, CURRENT_TIMESTAMP),
(140, NULL, 14, 'britalia', CURRENT_TIMESTAMP, CURRENT_TIMESTAMP),
(141, NULL, 14, 'cantagallo', CURRENT_TIMESTAMP, CURRENT_TIMESTAMP),
(142, NULL, 14, 'cantalejo', CURRENT_TIMESTAMP, CURRENT_TIMESTAMP),
(143, NULL, 14, 'los eliseos', CURRENT_TIMESTAMP, CURRENT_TIMESTAMP),
(144, NULL, 14, 'alcala', CURRENT_TIMESTAMP, CURRENT_TIMESTAMP),
(145, NULL, 14, 'mazuren', CURRENT_TIMESTAMP, CURRENT_TIMESTAMP),
(146, NULL, 14, 'prado sur', CURRENT_TIMESTAMP, CURRENT_TIMESTAMP),
(147, NULL, 14, 'cicigua', CURRENT_TIMESTAMP, CURRENT_TIMESTAMP),
(148, NULL, 14, 'del monte', CURRENT_TIMESTAMP, CURRENT_TIMESTAMP),
(149, NULL, 14, 'prado pinzon', CURRENT_TIMESTAMP, CURRENT_TIMESTAMP),
(150, NULL, 15, 'las animas', CURRENT_TIMESTAMP, CURRENT_TIMESTAMP),
(151, NULL, 15, 'las auras', CURRENT_TIMESTAMP, CURRENT_TIMESTAMP),
(152, NULL, 15, 'las palmas', CURRENT_TIMESTAMP, CURRENT_TIMESTAMP),
(153, NULL, 15, 'las sopas', CURRENT_TIMESTAMP, CURRENT_TIMESTAMP),
(154, NULL, 15, 'los rios', CURRENT_TIMESTAMP, CURRENT_TIMESTAMP),
(155, NULL, 15, 'santa rosa', CURRENT_TIMESTAMP, CURRENT_TIMESTAMP),
(156, NULL, 15, 'el istmo', CURRENT_TIMESTAMP, CURRENT_TIMESTAMP),
(157, NULL, 15, 'peñaliza', CURRENT_TIMESTAMP, CURRENT_TIMESTAMP),
(158, NULL, 15, 'tabaco', CURRENT_TIMESTAMP, CURRENT_TIMESTAMP),
(159, NULL, 15, 'chorreras', CURRENT_TIMESTAMP, CURRENT_TIMESTAMP),
(160, NULL, 16, 'alfonso lopez', CURRENT_TIMESTAMP, CURRENT_TIMESTAMP),
(161, NULL, 16, 'el salitre', CURRENT_TIMESTAMP, CURRENT_TIMESTAMP),
(162, NULL, 16, 'armenia', CURRENT_TIMESTAMP, CURRENT_TIMESTAMP),
(163, NULL, 16, 'estrella', CURRENT_TIMESTAMP, CURRENT_TIMESTAMP),
(164, NULL, 16, 'la magdalena', CURRENT_TIMESTAMP, CURRENT_TIMESTAMP),
(165, NULL, 16, 'la sociedad', CURRENT_TIMESTAMP, CURRENT_TIMESTAMP),
(166, NULL, 16, 'las americas', CURRENT_TIMESTAMP, CURRENT_TIMESTAMP),
(167, NULL, 16, 'palermo', CURRENT_TIMESTAMP, CURRENT_TIMESTAMP),
(168, NULL, 16, 'quesada', CURRENT_TIMESTAMP, CURRENT_TIMESTAMP),
(169, NULL, 16, 'teusaquillo', CURRENT_TIMESTAMP, CURRENT_TIMESTAMP),
(170, NULL, 17, 'san benito', CURRENT_TIMESTAMP, CURRENT_TIMESTAMP),
(171, NULL, 17, 'san carlos', CURRENT_TIMESTAMP, CURRENT_TIMESTAMP),
(172, NULL, 17, 'tunalito', CURRENT_TIMESTAMP, CURRENT_TIMESTAMP),
(173, NULL, 17, 'tunjuelito', CURRENT_TIMESTAMP, CURRENT_TIMESTAMP),
(174, NULL, 17, 'ciudad tunal', CURRENT_TIMESTAMP, CURRENT_TIMESTAMP),
(175, NULL, 17, 'laguneta', CURRENT_TIMESTAMP, CURRENT_TIMESTAMP),
(176, NULL, 17, 'ontario', CURRENT_TIMESTAMP, CURRENT_TIMESTAMP),
(177, NULL, 17, 'samore', CURRENT_TIMESTAMP, CURRENT_TIMESTAMP),
(178, NULL, 17, 'san vicente', CURRENT_TIMESTAMP, CURRENT_TIMESTAMP),
(179, NULL, 17, 'santa lucia', CURRENT_TIMESTAMP, CURRENT_TIMESTAMP),
(180, NULL, 18, 'la calleja', CURRENT_TIMESTAMP, CURRENT_TIMESTAMP),
(181, NULL, 18, 'la carolina', CURRENT_TIMESTAMP, CURRENT_TIMESTAMP),
(182, NULL, 18, 'la cristalina', CURRENT_TIMESTAMP, CURRENT_TIMESTAMP),
(183, NULL, 18, 'prados del country', CURRENT_TIMESTAMP, CURRENT_TIMESTAMP),
(184, NULL, 18, 'soatoma', CURRENT_TIMESTAMP, CURRENT_TIMESTAMP),
(185, NULL, 18, 'la uribe', CURRENT_TIMESTAMP, CURRENT_TIMESTAMP),
(186, NULL, 18, 'los naranjos', CURRENT_TIMESTAMP, CURRENT_TIMESTAMP),
(187, NULL, 18, 'belmira', CURRENT_TIMESTAMP, CURRENT_TIMESTAMP),
(188, NULL, 18, 'la sonora', CURRENT_TIMESTAMP, CURRENT_TIMESTAMP),
(189, NULL, 18, 'las margaritas', CURRENT_TIMESTAMP, CURRENT_TIMESTAMP),
(1910, NULL, 19, 'costa rica', CURRENT_TIMESTAMP, CURRENT_TIMESTAMP),
(192, NULL, 19, 'doña liliana', CURRENT_TIMESTAMP, CURRENT_TIMESTAMP),
(193, NULL, 19, 'entre nubes', CURRENT_TIMESTAMP, CURRENT_TIMESTAMP),
(194, NULL, 19, 'el pedregal', CURRENT_TIMESTAMP, CURRENT_TIMESTAMP),
(195, NULL, 19, 'buenos aires', CURRENT_TIMESTAMP, CURRENT_TIMESTAMP),
(196, NULL, 19, 'villa rosita', CURRENT_TIMESTAMP, CURRENT_TIMESTAMP),
(197, NULL, 19, 'bolonia', CURRENT_TIMESTAMP, CURRENT_TIMESTAMP),
(198, NULL, 19, 'el bosque central', CURRENT_TIMESTAMP, CURRENT_TIMESTAMP),
(199, NULL, 19, 'las violetas', CURRENT_TIMESTAMP, CURRENT_TIMESTAMP),
(200, NULL, 200, 'pepinitos', CURRENT_TIMESTAMP, CURRENT_TIMESTAMP);


INSERT INTO `tipo_users` (`cod_tipo_users`, `nombre_tipo_users`, `created_tipo_users`, `updated_tipo_users`) 
VALUES (1, 'sergio', CURRENT_TIMESTAMP, CURRENT_TIMESTAMP);

INSERT INTO `area_formacion` (`cod_area_formacion`, `nombre_area_formacion`, `created_area_formacion`, `updated_area_formacion`)
VALUES (1, 'diseño', CURRENT_TIMESTAMP, CURRENT_TIMESTAMP);